ID,Name,Age,Gender,Region,Education,Occupation,Annual_Income (USD)
1,Krista,45,Female,Central,PhD,Teacher,107716
2,Victor,31,Male,Central,Diploma,Teacher,85638
3,Melvin,24,Male,North,Diploma,Engineer,83189
4,Betty,58,Male,South,PhD,Developer,31387
5,Madeline,39,Other,Central,Diploma,Engineer,61156
6,David,44,Other,North,Master's,Engineer,70840
7,Sean,59,Female,Central,Master's,Engineer,92020
8,Betty,64,Female,East,Bachelor's,Teacher,105071
9,Kenneth,29,Female,East,High School,Technician,44507
10,Alyssa,19,Male,North,PhD,Analyst,90341
11,Kyle,33,Other,North,Bachelor's,Nurse,88726
12,Kaitlyn,63,Male,North,PhD,Technician,106228
13,Zachary,21,Other,Central,High School,Intern,75603
14,Katie,64,Female,West,Diploma,Nurse,21130
15,Brandon,22,Other,West,Bachelor's,Technician,65531
16,Dennis,41,Female,East,High School,Teacher,65802
17,Jonathan,60,Female,East,PhD,Nurse,90565
18,Patrick,23,Female,South,PhD,Salesperson,113066
19,Joshua,58,Male,Central,Master's,Intern,32224
20,Raymond,28,Other,West,High School,Developer,95546
21,Jessica,57,Other,East,Master's,Nurse,116279
22,Janet,57,Male,East,PhD,Teacher,72249
23,Amber,64,Other,Central,PhD,Intern,30102
24,William,51,Other,West,Diploma,Developer,25182
25,Eric,47,Other,Central,PhD,Teacher,34259
26,Christian,46,Other,South,PhD,Manager,27709
27,Susan,34,Male,West,PhD,Analyst,90254
28,Lori,52,Other,North,Diploma,Engineer,61298
29,Cameron,35,Female,South,Bachelor's,Nurse,115434
30,Kyle,52,Male,Central,Master's,Engineer,36176
31,Benjamin,64,Male,South,Bachelor's,Analyst,58088
32,Austin,35,Male,Central,Diploma,Nurse,76628
33,Todd,54,Male,West,Diploma,Technician,101003
34,Kyle,55,Female,South,PhD,Teacher,90250
35,Kristi,54,Male,Central,Diploma,Intern,91892
36,Monique,20,Male,South,PhD,Nurse,38967
37,Devin,34,Female,West,Master's,Engineer,25934
38,Evelyn,43,Female,North,Master's,Analyst,95486
39,Brandi,59,Male,North,Diploma,Engineer,95550
40,Nicole,49,Female,East,High School,Technician,103710
41,David,52,Other,Central,High School,Developer,38160
42,Kimberly,18,Female,Central,High School,Intern,22832
43,Nichole,23,Male,East,Diploma,Technician,33194
44,Timothy,32,Other,Central,PhD,Engineer,86064
45,Shannon,48,Male,South,Bachelor's,Nurse,56501
46,Sarah,43,Other,South,Diploma,Clerk,64952
47,John,18,Male,East,PhD,Nurse,110421
48,Nichole,61,Other,North,Diploma,Intern,76232
49,Jessica,40,Female,South,Bachelor's,Intern,23835
50,Leslie,45,Female,West,PhD,Manager,71074
51,Chad,49,Female,North,PhD,Developer,93056
52,James,40,Other,West,Master's,Developer,76484
53,Jeremy,59,Male,Central,Bachelor's,Manager,105274
54,Sean,38,Other,South,Diploma,Manager,70561
55,Tiffany,65,Other,East,Bachelor's,Salesperson,93700
56,Rachel,41,Male,Central,Bachelor's,Teacher,90797
57,Olivia,57,Other,Central,High School,Engineer,89509
58,Sherri,35,Other,South,High School,Engineer,30258
59,Mark,21,Other,East,PhD,Engineer,33574
60,Deborah,37,Male,Central,Master's,Salesperson,88254
61,Mark,42,Other,East,PhD,Nurse,22217
62,Timothy,43,Male,South,Master's,Analyst,41490
63,Abigail,37,Female,West,Master's,Manager,44910
64,Laura,60,Female,Central,Master's,Salesperson,116026
65,Carrie,45,Female,South,High School,Technician,100152
66,Penny,50,Other,South,Master's,Manager,41049
67,Amy,60,Male,South,Bachelor's,Intern,71028
68,Joan,46,Female,North,Bachelor's,Clerk,94855
69,Jennifer,19,Other,South,Master's,Analyst,76637
70,Sara,52,Female,West,Diploma,Intern,56869
71,Jennifer,42,Female,North,Bachelor's,Developer,118199
72,Joel,55,Male,Central,Master's,Clerk,22311
73,Joseph,56,Other,North,High School,Clerk,115253
74,Amanda,31,Male,East,PhD,Manager,57151
75,David,30,Female,Central,Diploma,Nurse,59433
76,Jamie,51,Male,Central,Master's,Analyst,35572
77,Franklin,61,Female,West,High School,Nurse,56601
78,Cassandra,47,Other,East,PhD,Engineer,78689
79,Melissa,28,Male,North,Master's,Salesperson,113318
80,Brian,42,Male,Central,High School,Technician,48617
81,Justin,23,Male,East,High School,Technician,33003
82,Carmen,29,Other,North,Diploma,Teacher,62333
83,Debbie,58,Male,North,High School,Technician,104964
84,John,18,Male,Central,PhD,Salesperson,27209
85,Amy,44,Other,West,High School,Intern,95975
86,Joseph,42,Other,East,PhD,Engineer,27587
87,Sylvia,54,Other,West,PhD,Analyst,84199
88,Amanda,39,Other,Central,High School,Manager,101067
89,Jessica,62,Male,Central,Diploma,Manager,85683
90,Christopher,18,Female,South,High School,Nurse,87571
91,Christopher,36,Other,Central,Diploma,Engineer,61467
92,Kelly,55,Female,South,Master's,Engineer,33692
93,Bruce,46,Male,South,High School,Clerk,20873
94,Heather,47,Other,North,Diploma,Teacher,42834
95,Mathew,44,Female,West,Diploma,Teacher,106496
96,James,26,Female,West,PhD,Nurse,68068
97,Tyler,53,Other,Central,Bachelor's,Analyst,58067
98,Lance,32,Male,West,Diploma,Clerk,90562
99,Kenneth,36,Other,North,High School,Clerk,83940
100,Leslie,33,Other,East,Diploma,Clerk,39868
101,Tiffany,50,Male,East,Master's,Engineer,40627
102,Jennifer,49,Male,West,Bachelor's,Salesperson,47117
103,Nicholas,60,Male,North,Diploma,Teacher,87199
104,Kristen,62,Female,Central,Master's,Technician,25748
105,John,51,Female,East,PhD,Analyst,80994
106,Michael,62,Other,West,Master's,Intern,89805
107,William,50,Female,East,Diploma,Clerk,116098
108,James,25,Female,North,High School,Intern,38702
109,Michael,60,Female,North,Bachelor's,Salesperson,119910
110,Johnny,43,Male,North,Master's,Clerk,51837
111,Kristin,30,Female,South,Bachelor's,Engineer,75370
112,Richard,46,Female,West,Master's,Teacher,34266
113,Chelsea,38,Male,South,Master's,Engineer,117334
114,Krista,36,Female,West,High School,Salesperson,73957
115,Valerie,31,Female,East,High School,Nurse,70549
116,Christopher,18,Female,South,High School,Analyst,23969
117,Jake,36,Male,South,High School,Clerk,72859
118,Bryce,27,Female,East,Bachelor's,Engineer,84795
119,Stephen,54,Female,Central,Bachelor's,Salesperson,38006
120,Robin,19,Female,East,High School,Salesperson,46631
121,Jason,36,Male,Central,High School,Manager,92450
122,Jennifer,50,Female,Central,High School,Teacher,116016
123,Kenneth,19,Other,South,PhD,Manager,82016
124,Victor,56,Male,East,Diploma,Manager,64402
125,Gabriel,53,Male,West,PhD,Technician,113569
126,Tonya,46,Female,West,PhD,Engineer,69451
127,Andrea,56,Other,Central,PhD,Clerk,92073
128,Andrea,23,Other,South,PhD,Analyst,32537
129,Mark,39,Other,Central,Diploma,Developer,43960
130,Wanda,19,Female,Central,Bachelor's,Developer,62444
131,Bryan,61,Male,West,PhD,Engineer,77547
132,Paul,46,Other,Central,PhD,Engineer,40958
133,John,28,Male,North,PhD,Technician,65313
134,Stephen,61,Other,South,Master's,Technician,93778
135,Daniel,38,Other,North,PhD,Salesperson,56500
136,Aaron,21,Female,Central,Master's,Salesperson,98400
137,Veronica,42,Other,West,PhD,Intern,41107
138,Kristen,28,Other,West,Diploma,Engineer,93216
139,Ryan,30,Female,East,High School,Developer,45541
140,Kelly,33,Female,North,Bachelor's,Teacher,72810
141,Mark,57,Other,West,Bachelor's,Technician,80915
142,Katherine,53,Male,Central,Diploma,Technician,55516
143,Shannon,41,Other,East,PhD,Nurse,102017
144,Timothy,25,Male,East,Master's,Manager,73298
145,Christopher,52,Female,East,Master's,Manager,45798
146,Julie,29,Male,West,PhD,Nurse,72938
147,Kenneth,18,Female,West,Diploma,Teacher,68387
148,Christopher,41,Male,South,Diploma,Manager,31844
149,Edward,53,Female,West,Diploma,Manager,46033
150,Cody,50,Female,Central,Master's,Technician,60589
151,Barbara,46,Other,North,High School,Engineer,46814
152,Chad,58,Male,West,PhD,Intern,68553
153,George,60,Female,North,Master's,Teacher,41409
154,Raymond,25,Other,East,PhD,Teacher,117468
155,Marilyn,64,Other,East,PhD,Manager,70213
156,Michele,53,Female,West,PhD,Developer,104451
157,Karen,47,Female,East,PhD,Technician,39945
158,Zachary,33,Female,West,Diploma,Engineer,114578
159,Tammy,61,Male,North,Master's,Intern,22570
160,Scott,18,Male,North,Master's,Analyst,81435
161,David,23,Other,East,Master's,Clerk,40084
162,Anthony,55,Female,West,Bachelor's,Analyst,98417
163,Jeanette,38,Female,West,PhD,Clerk,99801
164,Jessica,64,Male,West,Master's,Nurse,64508
165,Theresa,32,Other,Central,High School,Technician,54519
166,Tyler,47,Other,South,Bachelor's,Manager,118986
167,Melissa,34,Female,North,PhD,Clerk,67534
168,Joshua,32,Male,South,Diploma,Intern,116438
169,Gregory,48,Other,South,Diploma,Engineer,109873
170,Amber,26,Other,North,Diploma,Teacher,96327
171,Michael,56,Male,West,Bachelor's,Nurse,104954
172,Amanda,40,Other,South,Bachelor's,Salesperson,113785
173,Doris,34,Male,South,Master's,Developer,40888
174,Michael,63,Other,East,PhD,Teacher,32323
175,Brad,29,Other,East,Master's,Developer,57434
176,John,59,Male,North,Master's,Manager,107086
177,Joshua,29,Female,North,Master's,Engineer,41749
178,Angel,38,Female,West,Bachelor's,Technician,112477
179,Paul,46,Female,Central,High School,Clerk,30103
180,Eric,25,Other,South,High School,Engineer,106425
181,Megan,32,Other,East,Master's,Clerk,73447
182,Samuel,50,Other,Central,Diploma,Intern,98734
183,Jerry,43,Female,East,High School,Intern,100703
184,Tammy,22,Female,East,High School,Nurse,107616
185,Michael,57,Male,South,Bachelor's,Engineer,114750
186,Roger,59,Male,West,PhD,Clerk,70786
187,Brenda,24,Female,Central,Bachelor's,Engineer,73049
188,Steven,21,Male,West,PhD,Developer,91334
189,Michael,51,Female,Central,High School,Clerk,37770
190,Cody,35,Other,East,PhD,Salesperson,29626
191,Johnny,50,Female,North,Diploma,Clerk,21025
192,Steven,52,Female,South,Diploma,Analyst,53968
193,Terri,19,Male,West,PhD,Technician,54632
194,Robert,41,Other,West,High School,Nurse,99768
195,Thomas,44,Male,Central,Master's,Developer,69368
196,Kayla,36,Male,East,Master's,Nurse,93709
197,Jennifer,61,Other,West,Master's,Nurse,75384
198,Kellie,47,Male,North,PhD,Analyst,107787
199,Aaron,35,Other,West,Bachelor's,Analyst,91614
200,Rhonda,44,Male,West,Bachelor's,Developer,81487
201,Jacqueline,61,Female,East,Bachelor's,Clerk,51967
202,Ryan,59,Other,South,High School,Nurse,79460
203,Daniel,34,Other,South,Bachelor's,Intern,99889
204,Nicholas,26,Female,South,Master's,Teacher,99775
205,James,35,Male,West,Master's,Manager,58013
206,Maria,65,Male,East,High School,Nurse,113349
207,Kristine,62,Female,West,Bachelor's,Salesperson,95217
208,Marc,42,Other,East,Bachelor's,Developer,116950
209,Whitney,55,Male,East,PhD,Clerk,46953
210,Stephen,48,Female,Central,Bachelor's,Teacher,29090
211,Hunter,41,Male,North,Diploma,Developer,47882
212,Shawn,23,Female,West,Master's,Intern,24891
213,Michelle,36,Female,Central,High School,Technician,21892
214,Katherine,55,Other,East,PhD,Technician,70077
215,Paul,51,Male,North,Master's,Manager,57066
216,Crystal,59,Female,North,Master's,Teacher,80323
217,Luke,55,Female,Central,Bachelor's,Teacher,77907
218,Scott,33,Other,Central,Master's,Clerk,95867
219,Bruce,34,Other,West,Bachelor's,Salesperson,78665
220,Bradley,33,Female,Central,High School,Manager,52051
221,Scott,23,Female,South,Bachelor's,Intern,93989
222,Courtney,62,Male,North,Diploma,Intern,45641
223,Brian,20,Other,North,Diploma,Manager,41672
224,Alexander,62,Female,North,PhD,Manager,98121
225,Tyler,61,Female,North,Master's,Developer,33470
226,Jennifer,31,Female,West,Bachelor's,Nurse,112127
227,Veronica,40,Female,East,Bachelor's,Technician,75211
228,Anthony,53,Other,East,Diploma,Salesperson,32668
229,Carol,39,Female,Central,Master's,Teacher,70700
230,Christopher,40,Other,West,Bachelor's,Technician,22210
231,Stephanie,59,Male,South,Bachelor's,Nurse,114730
232,Heather,41,Female,West,High School,Teacher,33164
233,Ronald,24,Female,South,Bachelor's,Analyst,55932
234,Lisa,40,Male,North,PhD,Manager,27858
235,Bruce,29,Female,East,Diploma,Nurse,114770
236,Robert,28,Other,South,Diploma,Engineer,53209
237,Zachary,65,Male,West,Diploma,Analyst,54820
238,Kevin,43,Other,South,Diploma,Salesperson,28729
239,Erin,48,Female,Central,High School,Nurse,97000
240,Tammy,21,Other,Central,Diploma,Teacher,53856
241,Laura,41,Other,Central,Master's,Developer,111286
242,Brittany,64,Male,East,Diploma,Developer,32428
243,Frank,18,Female,East,Bachelor's,Technician,42658
244,Bradley,57,Other,East,Master's,Intern,97553
245,Peter,56,Male,Central,Master's,Salesperson,88299
246,Chelsea,35,Other,South,High School,Salesperson,72661
247,Pamela,40,Other,Central,High School,Salesperson,28017
248,Laurie,41,Female,Central,Bachelor's,Technician,91915
249,Donald,51,Female,East,Diploma,Analyst,71875
250,Kim,42,Male,Central,High School,Intern,32952
251,Caleb,51,Other,East,PhD,Manager,21332
252,Dawn,20,Other,East,Master's,Analyst,63391
253,Austin,26,Female,West,High School,Teacher,82634
254,Lisa,19,Other,South,Diploma,Analyst,90775
255,Meghan,26,Female,North,Diploma,Developer,108491
256,Hannah,42,Other,South,High School,Clerk,117393
257,Timothy,36,Other,West,High School,Intern,85811
258,Melissa,38,Female,East,Diploma,Salesperson,81726
259,Tanya,20,Other,East,Diploma,Nurse,61577
260,James,61,Other,East,Diploma,Nurse,95036
261,Edward,62,Female,East,High School,Teacher,94200
262,Sierra,37,Female,East,Diploma,Analyst,55192
263,Monica,49,Other,Central,PhD,Salesperson,45725
264,Erin,39,Other,West,High School,Analyst,88394
265,Benjamin,58,Male,West,Diploma,Engineer,47943
266,Tiffany,21,Other,East,High School,Engineer,51255
267,Kimberly,30,Male,West,Diploma,Analyst,26815
268,Linda,65,Female,West,High School,Intern,31694
269,Robert,31,Female,Central,Diploma,Salesperson,48608
270,Oscar,42,Female,Central,Diploma,Nurse,35989
271,Stanley,35,Other,East,High School,Nurse,76924
272,Mark,65,Male,East,PhD,Analyst,108273
273,Linda,31,Female,Central,Diploma,Intern,21655
274,Austin,29,Male,West,PhD,Analyst,118261
275,Rebecca,40,Other,West,Bachelor's,Nurse,60884
276,Gene,41,Other,North,PhD,Manager,36174
277,Daniel,62,Male,North,High School,Technician,41239
278,Brandon,61,Male,Central,High School,Clerk,83651
279,Amanda,48,Other,West,Bachelor's,Nurse,31930
280,Cassandra,32,Female,West,Bachelor's,Technician,65435
281,Mark,52,Female,East,Master's,Nurse,35146
282,Stacie,45,Other,West,Master's,Clerk,84964
283,Jamie,37,Female,North,Bachelor's,Teacher,75863
284,Paul,27,Female,East,Master's,Developer,68392
285,Melissa,44,Female,North,Diploma,Clerk,45221
286,Cody,38,Other,South,PhD,Analyst,57320
287,Angie,23,Other,West,Diploma,Manager,109362
288,Jorge,22,Other,East,PhD,Salesperson,25118
289,Adrienne,63,Male,Central,Bachelor's,Intern,36380
290,Charles,21,Other,North,Diploma,Teacher,47727
291,Brian,46,Other,West,High School,Manager,119418
292,Lindsey,47,Female,Central,PhD,Analyst,78170
293,Jo,48,Male,East,High School,Manager,51379
294,Christopher,49,Female,Central,PhD,Salesperson,58990
295,Kayla,40,Other,Central,Master's,Intern,30311
296,Sarah,55,Male,South,PhD,Salesperson,102427
297,Brian,35,Male,West,Bachelor's,Manager,64423
298,Justin,46,Other,South,Master's,Teacher,69642
299,Nicole,27,Other,West,PhD,Clerk,74234
300,Deborah,55,Other,North,High School,Intern,67766
301,Maria,50,Other,North,Diploma,Nurse,72888
302,Jennifer,22,Female,West,PhD,Manager,115400
303,Curtis,33,Male,East,Diploma,Nurse,35343
304,Kevin,61,Female,South,Master's,Nurse,78720
305,Michael,27,Female,North,Bachelor's,Engineer,36611
306,Megan,23,Other,East,Diploma,Technician,42057
307,Timothy,30,Other,South,High School,Intern,91269
308,David,21,Male,East,Bachelor's,Intern,101584
309,Zachary,41,Male,East,Diploma,Intern,25893
310,Robert,29,Male,South,High School,Manager,42055
311,April,59,Male,North,PhD,Clerk,84076
312,Madison,26,Female,West,Master's,Technician,25094
313,Marc,26,Male,East,High School,Clerk,79495
314,Robert,44,Female,South,Master's,Intern,94720
315,Zachary,31,Female,North,Diploma,Developer,67772
316,Maurice,56,Other,East,High School,Salesperson,83505
317,Adam,35,Other,South,Diploma,Clerk,35614
318,Michael,39,Other,South,Bachelor's,Engineer,97676
319,Travis,56,Other,East,Bachelor's,Engineer,94121
320,Kristina,35,Male,North,High School,Engineer,83764
321,Kristen,33,Other,North,Bachelor's,Teacher,80478
322,Steven,37,Male,West,Bachelor's,Developer,109404
323,Sarah,27,Female,Central,Diploma,Analyst,51883
324,Edwin,46,Female,West,Bachelor's,Engineer,40592
325,Shawn,36,Male,Central,Diploma,Analyst,83667
326,Kevin,27,Female,West,Master's,Analyst,103255
327,Jenna,27,Male,West,High School,Engineer,110362
328,Kevin,22,Female,Central,Diploma,Intern,92608
329,Joseph,38,Other,South,Diploma,Intern,95280
330,Yvonne,61,Female,Central,Master's,Technician,62013
331,Carol,62,Other,Central,High School,Teacher,38219
332,Christopher,47,Male,South,Master's,Developer,105470
333,Charles,50,Female,West,Master's,Clerk,114126
334,Andrew,57,Female,West,Bachelor's,Clerk,91669
335,James,35,Other,West,Master's,Technician,30790
336,Christina,27,Female,East,Master's,Manager,50811
337,Amanda,53,Female,North,Master's,Developer,36530
338,Paula,46,Other,North,Bachelor's,Developer,83971
339,Sharon,36,Female,East,High School,Salesperson,115505
340,Lindsey,61,Female,North,PhD,Engineer,92987
341,Anthony,51,Male,North,Diploma,Manager,112796
342,Darryl,32,Male,Central,Bachelor's,Manager,91739
343,Veronica,22,Female,Central,Bachelor's,Clerk,68761
344,Christine,59,Other,East,Diploma,Engineer,47870
345,Nicole,40,Female,West,Diploma,Salesperson,104551
346,Daniel,47,Female,South,PhD,Clerk,62357
347,Ashley,40,Male,West,High School,Engineer,33113
348,Joshua,55,Other,West,High School,Technician,37468
349,Nancy,54,Female,West,Bachelor's,Salesperson,115947
350,Melissa,30,Female,East,Master's,Manager,64207
351,Dalton,56,Other,South,PhD,Developer,112098
352,Jeffrey,25,Male,North,Bachelor's,Technician,117364
353,Jackie,55,Other,West,High School,Analyst,58687
354,Kimberly,60,Male,Central,PhD,Technician,88175
355,Amy,52,Other,North,Diploma,Teacher,74270
356,Amanda,25,Male,North,High School,Salesperson,105263
357,James,42,Other,North,Diploma,Intern,83720
358,Benjamin,18,Female,West,PhD,Nurse,97602
359,Joshua,24,Female,Central,Bachelor's,Salesperson,47719
360,Michael,22,Male,South,Bachelor's,Developer,44332
361,Angela,41,Other,North,Bachelor's,Developer,88907
362,Maria,36,Male,West,Diploma,Nurse,110655
363,Alex,26,Other,Central,Bachelor's,Developer,107177
364,Heather,34,Female,Central,High School,Teacher,21123
365,Mackenzie,44,Female,West,PhD,Analyst,76433
366,Charles,53,Other,East,High School,Intern,61765
367,Kenneth,40,Male,West,Master's,Nurse,108040
368,Randall,43,Other,East,Diploma,Intern,104267
369,Thomas,34,Other,South,Bachelor's,Manager,58057
370,William,53,Female,North,Diploma,Analyst,27656
371,Charles,40,Male,East,PhD,Manager,72127
372,Michael,56,Female,South,Master's,Teacher,110092
373,Bobby,56,Other,East,PhD,Clerk,50091
374,Sandra,65,Other,South,Master's,Clerk,43303
375,Krista,48,Other,North,Bachelor's,Analyst,117496
376,Beverly,44,Male,East,Diploma,Developer,53136
377,Brandon,25,Other,East,Master's,Nurse,23343
378,Jeffrey,21,Other,East,High School,Manager,92030
379,Monica,18,Other,West,High School,Manager,85785
380,Ashley,38,Male,Central,Master's,Analyst,39877
381,Ryan,50,Female,East,Diploma,Teacher,74717
382,Tyler,35,Female,West,PhD,Teacher,21301
383,Kathleen,53,Female,Central,Bachelor's,Clerk,113566
384,Matthew,22,Female,East,Bachelor's,Teacher,40161
385,Andrea,56,Other,Central,Master's,Nurse,85061
386,Theresa,36,Other,North,Diploma,Teacher,119093
387,Crystal,65,Female,West,PhD,Salesperson,48874
388,Philip,51,Female,South,Bachelor's,Developer,41036
389,Elizabeth,39,Male,West,PhD,Intern,57774
390,Cheryl,28,Female,East,PhD,Nurse,37564
391,Pamela,55,Female,Central,Master's,Technician,118744
392,Richard,31,Male,Central,High School,Clerk,64740
393,Vincent,57,Female,East,Bachelor's,Salesperson,60876
394,Emily,65,Male,West,PhD,Clerk,23066
395,Kelly,27,Other,West,PhD,Teacher,102226
396,Nathaniel,21,Female,South,Diploma,Analyst,113402
397,Abigail,46,Other,South,Master's,Developer,26438
398,Brian,40,Male,West,High School,Intern,33426
399,Cynthia,47,Other,North,PhD,Manager,83906
400,Kelly,37,Other,West,Bachelor's,Nurse,102091
401,Mario,62,Male,East,PhD,Developer,105350
402,Michael,51,Male,West,High School,Analyst,41184
403,Elizabeth,52,Female,North,Bachelor's,Developer,54730
404,David,33,Other,West,Diploma,Intern,104986
405,Lisa,38,Other,East,PhD,Teacher,99238
406,Tony,51,Male,Central,Master's,Engineer,54912
407,Stephanie,57,Male,East,Bachelor's,Nurse,74144
408,Alicia,26,Female,North,PhD,Nurse,103137
409,Ronnie,50,Male,East,Bachelor's,Engineer,68441
410,Gregory,30,Male,West,Bachelor's,Nurse,108687
411,Lynn,50,Male,West,Master's,Technician,56942
412,Tracy,50,Female,West,Diploma,Teacher,68268
413,Melissa,37,Male,South,High School,Teacher,114590
414,Adam,54,Other,South,Diploma,Engineer,64227
415,Nicole,54,Male,West,PhD,Teacher,32629
416,Frances,55,Other,North,High School,Engineer,72732
417,Margaret,55,Male,North,Bachelor's,Developer,34435
418,Jennifer,65,Male,West,High School,Clerk,54073
419,Jeffrey,25,Male,North,Diploma,Technician,105587
420,Andrew,18,Female,West,Diploma,Salesperson,85636
421,Drew,47,Other,East,Bachelor's,Engineer,72652
422,Shawn,62,Other,West,High School,Clerk,37762
423,Bonnie,57,Other,North,PhD,Clerk,84682
424,Nicholas,43,Male,North,Bachelor's,Technician,75484
425,Courtney,54,Female,North,Bachelor's,Clerk,76948
426,Cameron,36,Female,North,High School,Nurse,109107
427,Alexandra,61,Other,East,PhD,Engineer,97909
428,Rachel,24,Other,South,High School,Clerk,33308
429,Jennifer,19,Female,West,Master's,Nurse,117288
430,William,61,Other,West,PhD,Analyst,109778
431,Amanda,47,Female,South,Diploma,Nurse,58365
432,Benjamin,24,Male,South,Diploma,Technician,53974
433,Sara,49,Other,Central,Diploma,Manager,71155
434,Andrew,34,Other,South,PhD,Nurse,114611
435,Larry,20,Male,South,PhD,Manager,46346
436,Julie,65,Other,South,High School,Developer,64608
437,Jasmine,61,Other,West,Diploma,Intern,109959
438,Rebecca,39,Other,Central,Master's,Intern,52905
439,Joel,57,Female,North,PhD,Technician,32434
440,Brittney,57,Male,North,Bachelor's,Manager,61935
441,Laura,53,Female,North,Master's,Engineer,101178
442,Isabella,24,Male,East,High School,Analyst,112178
443,Melissa,62,Other,Central,Diploma,Manager,65381
444,Jessica,41,Other,Central,PhD,Manager,42207
445,Joshua,55,Male,North,Diploma,Technician,63803
446,Christopher,26,Female,Central,PhD,Engineer,40487
447,Carla,56,Other,West,Master's,Salesperson,117656
448,Angela,61,Male,Central,Bachelor's,Manager,49802
449,Sandy,51,Other,North,Master's,Nurse,62976
450,Bill,19,Male,Central,PhD,Teacher,20975
451,Pamela,35,Female,Central,High School,Manager,63186
452,Tanya,41,Other,South,Bachelor's,Clerk,98439
453,Nicole,57,Other,North,Master's,Intern,56533
454,William,29,Other,West,Master's,Nurse,98158
455,Ryan,32,Male,Central,High School,Manager,66431
456,Kevin,46,Male,North,Diploma,Nurse,57232
457,Patricia,41,Other,South,Diploma,Developer,62511
458,Ryan,61,Other,South,Diploma,Nurse,85231
459,Sheila,64,Other,Central,Bachelor's,Developer,32403
460,Jesse,22,Female,South,Master's,Analyst,46271
461,Tonya,63,Female,West,Diploma,Engineer,26735
462,Kimberly,37,Male,West,Master's,Manager,34625
463,Jeffrey,23,Female,South,High School,Intern,57540
464,David,49,Female,East,High School,Manager,52879
465,Austin,42,Male,East,Diploma,Technician,68302
466,Pamela,35,Other,East,Diploma,Analyst,118818
467,Beverly,32,Male,North,PhD,Manager,30948
468,Ann,57,Male,North,Diploma,Engineer,53332
469,Donna,41,Other,East,Master's,Manager,72046
470,Alyssa,46,Other,South,Master's,Clerk,35926
471,Jeffrey,52,Other,South,PhD,Engineer,67724
472,Kevin,24,Female,East,Bachelor's,Teacher,105507
473,Michael,18,Other,East,Diploma,Technician,75661
474,Kenneth,57,Female,East,Diploma,Intern,91860
475,Paul,33,Other,South,High School,Manager,32283
476,Michael,32,Male,South,PhD,Technician,84816
477,Brittney,57,Other,East,Diploma,Engineer,69461
478,Erica,60,Other,East,Diploma,Technician,58759
479,Heather,27,Male,Central,Bachelor's,Clerk,96599
480,Alan,52,Other,Central,Bachelor's,Nurse,92719
481,Wesley,57,Other,West,Master's,Intern,42651
482,Justin,64,Male,West,Diploma,Nurse,88959
483,Kyle,32,Female,East,PhD,Teacher,60132
484,Edward,61,Other,Central,PhD,Technician,50052
485,Jordan,51,Male,South,Diploma,Analyst,27431
486,Yvonne,27,Male,North,High School,Intern,43655
487,Chelsea,63,Other,North,Bachelor's,Technician,98599
488,Betty,56,Other,East,Master's,Manager,45968
489,Brenda,33,Female,West,Bachelor's,Clerk,42973
490,Tristan,33,Other,Central,High School,Intern,105729
491,Lori,57,Female,Central,Bachelor's,Salesperson,48944
492,Benjamin,22,Male,West,Master's,Engineer,80940
493,Jeremy,63,Male,Central,Diploma,Nurse,89236
494,Mark,60,Other,East,High School,Teacher,68655
495,Margaret,37,Female,North,High School,Analyst,106179
496,Michael,30,Male,East,High School,Analyst,112642
497,Sara,21,Male,North,Diploma,Technician,63913
498,Luis,44,Female,Central,Bachelor's,Salesperson,76543
499,Alice,55,Female,North,High School,Technician,109599
500,Jason,44,Male,Central,PhD,Nurse,101946
